{"cameraMode":{"drawMode":0,"name":"Shaded","section":"Shading Mode"},"sceneLighting":true,"audioPlay":false,"sceneViewState":{"showFog":true,"showMaterialUpdate":false,"showSkybox":true,"showFlares":true,"showImageEffects":true,"showParticleSystems":true},"in2DMode":false,"pivot":{"x":204.9849395751953,"y":2134.63916015625,"z":7.72430419921875},"rotation":{"x":-0.005998754873871803,"y":0.02249772660434246,"z":0.00013493660662788898,"w":0.9997296929359436},"size":648.3279418945313,"orthographic":false}