{"cameraMode":{"drawMode":0,"name":"Shaded","section":"Shading Mode"},"sceneLighting":false,"audioPlay":false,"sceneViewState":{"showFog":true,"showMaterialUpdate":false,"showSkybox":true,"showFlares":true,"showImageEffects":true,"showParticleSystems":true},"in2DMode":false,"pivot":{"x":7.187811851501465,"y":12.052824020385743,"z":5.914945125579834},"rotation":{"x":-0.5735189914703369,"y":0.005403456743806601,"z":-0.0037839775905013086,"w":-0.8191671371459961},"size":486.3888244628906,"orthographic":false}