{"cameraMode":{"drawMode":0,"name":"Shaded","section":"Shading Mode"},"sceneLighting":true,"audioPlay":false,"sceneViewState":{"showFog":true,"showMaterialUpdate":false,"showSkybox":true,"showFlares":true,"showImageEffects":true,"showParticleSystems":true},"in2DMode":false,"pivot":{"x":6.4139790534973148,"y":11.048316955566407,"z":28.303878784179689},"rotation":{"x":0.47371137142181399,"y":-3.868104503368386e-9,"z":5.474548592232509e-10,"w":0.880680501461029},"size":100.65930938720703,"orthographic":false}